Id,Label,timeset,v_name,eigencentrality,componentnumber,pageranks,modularity_class,Authority,Hub,Eccentricity,closnesscentrality,harmonicclosnesscentrality,betweenesscentrality,Weighted Degree,Degree
n0,n0,,multiple sclerosis,0.99816,0,0.026814,8,0.154392,0.154391,2,0.975709,0.987552,4423.16818,17.803977,235
n1,n1,,relapsing remitting,0.762657,0,0.01012,8,0.119224,0.119224,2,0.660274,0.742739,201.192384,5.600969,117
n2,n2,,progressive,0.91581,0,0.015208,8,0.142686,0.142685,2,0.769968,0.850622,792.504639,11.110185,169
n3,n3,,secondary,0.814261,0,0.010894,8,0.127294,0.127293,2,0.680791,0.76556,226.840366,7.646429,128
n4,n4,,demyelination,0.884584,0,0.013625,8,0.138004,0.138003,2,0.734756,0.819502,553.212247,9.908806,154
n5,n5,,remyelination,0.794937,0,0.011064,8,0.124188,0.124187,2,0.678873,0.763485,279.014935,7.083504,127
n6,n6,,biomarker,0.779745,0,0.010814,8,0.121825,0.121825,2,0.673184,0.757261,266.506024,7.322099,124
n7,n7,,mri,0.751424,0,0.010014,8,0.117454,0.117454,2,0.656676,0.738589,208.233797,5.95026,115
n8,n8,,neurodegeneration,0.735207,0,0.009564,8,0.114964,0.114964,2,0.647849,0.728216,183.024993,5.407633,110
n9,n9,,disability,0.903255,0,0.014956,8,0.140774,0.140773,2,0.757862,0.840249,758.116373,9.733047,164
n10,n10,,stem cell,0.865156,0,0.012812,8,0.13503,0.135029,2,0.719403,0.804979,422.703884,8.928637,147
n11,n11,,transplant,0.800301,0,0.011236,8,0.124993,0.124992,2,0.68272,0.767635,296.321126,7.703525,129
n12,n12,,inflammation,0.924774,0,0.015775,8,0.144034,0.144033,2,0.779935,0.858921,891.659652,11.530564,173
n13,n13,,gut,0.675709,0,0.007899,8,0.105764,0.105764,2,0.619537,0.692946,70.179671,4.997435,93
n14,n14,,gut-brain,0.345237,0,0.003364,8,0.053997,0.053998,3,0.53915,0.573997,0.553178,1.937489,36
n15,n15,,microbiota,0.497125,0,0.005194,8,0.07776,0.07776,2,0.56974,0.622407,14.749623,2.643064,59
n16,n16,,T,1,0,0.027301,0,0.154623,0.154621,2,0.987705,0.993776,4822.653894,20.700142,238
n17,n17,,HP,0.878016,0,0.013594,8,0.136958,0.136957,2,0.732523,0.817427,552.004486,8.922498,153
n18,n18,,MB,0.838521,0,0.011732,8,0.130978,0.130978,2,0.698551,0.784232,306.561048,9.154708,137
n19,n19,,CS,0.917267,0,0.01537,8,0.142918,0.142917,2,0.769968,0.850622,838.898953,10.313411,169
n20,n20,,GC,0.847277,0,0.012746,8,0.13223,0.132229,2,0.713018,0.798755,465.078853,8.154265,144
n21,n21,,AR,0.909804,0,0.01578,0,0.141683,0.141682,2,0.772436,0.852697,942.769903,10.970372,170
n22,n22,,CP,0.795178,0,0.011505,8,0.124139,0.124138,2,0.684659,0.76971,359.142462,6.997541,130
n23,n23,,KL,0.808966,0,0.011933,8,0.126276,0.126276,2,0.692529,0.778008,405.453638,7.8493,134
n24,n24,,PC,0.816473,0,0.011691,8,0.127487,0.127487,2,0.692529,0.778008,343.490571,7.067625,134
n25,n25,,HR,0.764284,0,0.010222,0,0.1194,0.119399,2,0.663912,0.746888,208.224519,8.956155,119
n26,n26,,MOG,0.700229,0,0.00821,8,0.109618,0.109618,2,0.625974,0.701245,77.700357,5.0011,97
n27,n27,,TF,0.653079,0,0.008052,8,0.102131,0.102131,2,0.617949,0.690871,107.404119,4.702703,92
n28,n28,,TH,0.784221,0,0.011064,0,0.122471,0.12247,2,0.676966,0.761411,298.99101,8.336096,126
n29,n29,,SI,0.812531,0,0.011562,0,0.126872,0.126872,2,0.690544,0.775934,323.02094,8.285046,133
n30,n30,,TG,0.663256,0,0.008118,8,0.103746,0.103746,2,0.619537,0.692946,108.065102,4.451796,93
n31,n31,,FH,0.515919,0,0.005225,8,0.080766,0.080767,3,0.56974,0.62379,10.622752,1.915458,60
n32,n32,,CD4,0.851753,0,0.012966,8,0.132934,0.132933,2,0.715134,0.80083,478.775391,8.974964,145
n33,n33,,HLA-DRB1,0.715799,0,0.009257,8,0.11189,0.11189,2,0.642667,0.721992,154.475544,5.550407,107
n34,n34,,IK,0.598626,0,0.007031,0,0.093589,0.093589,2,0.600998,0.66805,58.82735,4.791452,81
n35,n35,,CXCR3,0.480793,0,0.004874,8,0.075248,0.075249,2,0.564403,0.614108,10.735641,2.453677,55
n36,n36,,TNF,0.764732,0,0.010751,8,0.119408,0.119408,2,0.669444,0.753112,293.859159,6.071596,122
n37,n37,,CCR1,0.45482,0,0.004441,8,0.071169,0.071169,3,0.556582,0.603043,4.299366,2.313886,50
n38,n38,,PML,0.597579,0,0.007363,12,0.093396,0.093396,2,0.6025,0.670124,100.251154,3.793718,82
n39,n39,,CCR2,0.540489,0,0.005607,8,0.084621,0.084621,3,0.576555,0.634163,14.141101,2.954666,65
n40,n40,,CD40,0.563619,0,0.006109,8,0.088218,0.088218,3,0.584951,0.646611,24.272654,3.467526,71
n41,n41,,IL2RA,0.411266,0,0.004277,8,0.064252,0.064252,2,0.554023,0.59751,6.905581,1.724905,47
n42,n42,,KIF1B,0.26533,0,0.002712,8,0.041377,0.041378,3,0.528509,0.555325,0.456834,1.168387,27
n43,n43,,APOE,0.489114,0,0.005147,8,0.076502,0.076502,2,0.568396,0.620332,17.170091,2.38832,58
n44,n44,,CCR5,0.526675,0,0.005492,8,0.08243,0.08243,2,0.575179,0.630705,15.866074,3.180885,63
n45,n45,,CLEC16A,0.373684,0,0.003741,12,0.058337,0.058338,2,0.545249,0.582988,4.15984,1.894725,40
n46,n46,,GK,0.589081,0,0.00653,8,0.092181,0.092182,2,0.593596,0.657676,34.995157,3.611466,76
n47,n47,,C3,0.904907,0,0.016468,8,0.140815,0.140814,2,0.779935,0.858921,1134.223289,9.126663,173
n48,n48,,CCL2,0.554735,0,0.006143,1,0.086801,0.086801,2,0.584951,0.645228,39.754373,4.18793,70
n49,n49,,CD58,0.422858,0,0.004356,8,0.066078,0.066079,3,0.554023,0.598893,8.203573,2.306574,48
n50,n50,,CXCL10,0.508306,0,0.005296,1,0.079527,0.079528,2,0.57109,0.624481,16.224573,3.48448,60
n51,n51,,CXCL13,0.448367,0,0.005007,1,0.070047,0.070048,2,0.561772,0.609959,106.77552,2.937818,53
n52,n52,,CXCL16,0.089712,0,0.001347,1,0.013914,0.013914,2,0.509514,0.518672,0,0.505821,9
n53,n53,,IRF8,0.308555,0,0.00314,2,0.048147,0.048147,3,0.534368,0.565698,2.867508,1.719263,32
n54,n54,,MIF,0.273043,0,0.002977,2,0.042532,0.042533,3,0.530837,0.559474,5.509387,1.44582,29
n55,n55,,MTR,0.408934,0,0.003901,8,0.06396,0.063961,3,0.547727,0.58852,1.475045,1.693054,43
n56,n56,,NLRP3,0.412612,0,0.00409,8,0.064507,0.064507,3,0.550228,0.592669,4.251127,1.581414,45
n57,n57,,STAT3,0.481041,0,0.005149,8,0.075218,0.075218,2,0.567059,0.618257,23.745724,2.495021,57
n58,n58,,TYK2,0.322059,0,0.003185,11,0.050269,0.050269,3,0.535556,0.567773,1.805898,1.372092,33
n59,n59,,C6,0.737035,0,0.010753,8,0.115118,0.115118,2,0.656676,0.738589,358.174499,5.859127,115
n60,n60,,CD28,0.487693,0,0.005013,8,0.076303,0.076303,2,0.567059,0.618257,10.081637,2.578737,57
n61,n61,,CD44,0.361167,0,0.003463,8,0.056412,0.056413,3,0.540359,0.576072,1.165719,1.283445,37
n62,n62,,CDR2,0.153907,0,0.001719,8,0.023941,0.023942,3,0.513859,0.528354,0,0.460481,14
n63,n63,,CIITA,0.376442,0,0.003933,8,0.058859,0.05886,2,0.548975,0.589212,4.09035,2.040161,43
n64,n64,,CTLA4,0.416872,0,0.004054,8,0.065208,0.065208,3,0.550228,0.592669,2.341253,1.559214,45
n65,n65,,FOXP3,0.505111,0,0.005282,8,0.078997,0.078997,2,0.57109,0.624481,16.210511,2.952132,60
n66,n66,,GPR17,0.300477,0,0.002928,8,0.046915,0.046915,3,0.532009,0.561549,0.348209,0.961002,30
n67,n67,,MALT1,0.23724,0,0.002396,0,0.036981,0.036982,3,0.523913,0.547026,0.02439,0.975302,23
n68,n68,,MBP,0.612138,0,0.006747,8,0.095842,0.095842,2,0.598015,0.6639,35.697062,4.197148,79
n69,n69,,PTPN22,0.241194,0,0.002513,6,0.037562,0.037563,3,0.525054,0.549101,0.59449,1.553052,24
n70,n70,,UBC,0.325085,0,0.003244,8,0.050744,0.050745,3,0.536748,0.569848,1.347504,1.293245,34
n71,n71,,ABHD6,0.173097,0,0.001947,12,0.026968,0.026968,3,0.517167,0.534578,0.027778,0.590456,17
n72,n72,,ACR,0.321962,0,0.00357,0,0.050189,0.05019,3,0.540359,0.576072,7.367034,3.744223,37
n73,n73,,ANKRD55,0.201215,0,0.002102,2,0.031328,0.031329,3,0.519397,0.538728,0.046512,0.787288,19
n74,n74,,AQP4,0.493687,0,0.005008,8,0.077243,0.077243,2,0.567059,0.618257,9.464264,2.19973,57
n75,n75,,C2,0.867977,0,0.014332,8,0.135269,0.135269,2,0.739264,0.823651,721.311555,9.465839,156
n76,n76,,C9,0.393182,0,0.004095,12,0.061425,0.061425,2,0.550228,0.591286,9.63642,1.844983,44
n77,n77,,CCL19,0.271235,0,0.002697,8,0.042345,0.042345,2,0.52967,0.556017,0.280172,1.226604,27
n78,n78,,CCL20,0.352626,0,0.003567,1,0.055099,0.0551,2,0.542793,0.578838,2.726899,1.94451,38
n79,n79,,CD6,0.514165,0,0.005835,2,0.08035,0.080351,2,0.577938,0.634855,43.10867,3.643451,65
n80,n80,,CD24,0.394034,0,0.004046,2,0.061573,0.061574,3,0.548975,0.590595,6.720095,1.712385,44
n81,n81,,CHCHD2,0.036335,0,0.001135,3,0.005532,0.005532,3,0.503132,0.507607,0,0.743787,4
n82,n82,,CXCL12,0.499637,0,0.005609,1,0.078086,0.078087,2,0.57381,0.628631,36.080717,3.927875,62
n83,n83,,CYP24A1,0.06637,0,0.001507,4,0.010209,0.010209,3,0.506303,0.513831,3.333333,0.774164,7
n84,n84,,CYP27B1,0.358922,0,0.00389,12,0.056029,0.05603,3,0.545249,0.584371,9.931856,1.864154,41
n85,n85,,HLA-A,0.346762,0,0.003397,8,0.054146,0.054146,3,0.53915,0.573997,1.68196,1.1381,36
n86,n86,,HLA-DPB1,0.258496,0,0.002676,1,0.040279,0.040279,2,0.528509,0.553942,1.440642,1.01728,26
n87,n87,,IL7R,0.421642,0,0.004461,12,0.065873,0.065874,2,0.556582,0.60166,11.110407,1.837362,49
n88,n88,,KLRB1,0.075194,0,0.001196,1,0.011622,0.011622,3,0.506303,0.513831,0,0.403054,7
n89,n89,,LILRA3,0.277168,0,0.002876,2,0.043243,0.043244,3,0.530837,0.559474,1.649735,1.345127,29
n90,n90,,LTF,0.234584,0,0.002404,11,0.036564,0.036564,3,0.523913,0.547026,0,1.236952,23
n91,n91,,NOV,0.363792,0,0.003968,0,0.056814,0.056814,3,0.547727,0.58852,6.705528,3.372786,43
n92,n92,,SOCS1,0.330353,0,0.003431,12,0.051577,0.051577,2,0.540359,0.574689,3.419519,1.988572,36
n93,n93,,TAP2,0.150174,0,0.001845,5,0.023321,0.023322,3,0.514957,0.530429,0.363636,1.129694,15
n94,n94,,VAV1,0.186277,0,0.00196,8,0.028953,0.028953,3,0.517167,0.534578,0,0.52343,17
n95,n95,,VDR,0.409964,0,0.004094,8,0.064076,0.064076,3,0.548975,0.590595,8.196649,1.517205,44
n96,n96,,ABO,0.281329,0,0.003131,0,0.043873,0.043873,3,0.534368,0.565698,2.528463,5.159951,32
n97,n97,,ANGPT1,0.052971,0,0.001235,6,0.00811,0.00811,3,0.505241,0.511757,0,1.319254,6
n98,n98,,APC,0.35717,0,0.003803,7,0.055707,0.055707,3,0.544018,0.582296,8.60515,2.438993,40
n99,n99,,BDNF,0.552458,0,0.006365,11,0.086373,0.086373,2,0.587805,0.649378,49.141563,3.334186,72
n100,n100,,C7,0.329131,0,0.003169,8,0.051386,0.051386,2,0.536748,0.568465,0.652533,1.054905,33
n101,n101,,C9orf72,0.255355,0,0.002969,12,0.03979,0.03979,2,0.532009,0.560166,4.617111,2.21696,29
n102,n102,,CCL5,0.322862,0,0.003174,1,0.050399,0.050399,2,0.536748,0.568465,0.726544,1.397444,33
n103,n103,,CCL22,0.153236,0,0.001803,1,0.02383,0.02383,3,0.514957,0.530429,0.059821,0.829929,15
n104,n104,,CD34,0.391163,0,0.003859,8,0.061135,0.061135,3,0.546485,0.586445,3.101739,1.938203,42
n105,n105,,CD52,0.403613,0,0.004022,12,0.063083,0.063084,3,0.548975,0.590595,4.444272,1.724663,44
n106,n106,,CD74,0.185714,0,0.002469,2,0.028845,0.028846,2,0.523913,0.545643,4.140551,1.776083,22
n107,n107,,CD163,0.282082,0,0.002801,8,0.043983,0.043984,2,0.530837,0.558091,0.360904,0.940184,28
n108,n108,,CD200,0.303251,0,0.003117,2,0.047297,0.047298,3,0.534368,0.565698,1.972911,1.249425,32
n109,n109,,CD226,0.360168,0,0.003648,8,0.056253,0.056254,2,0.544018,0.580913,3.145692,1.622943,39
n110,n110,,COG6,0.052971,0,0.001235,6,0.00811,0.00811,3,0.505241,0.511757,0,1.319254,6
n111,n111,,CRHR1,0.160401,0,0.001811,1,0.024926,0.024927,2,0.51606,0.53112,0,0.683237,15
n112,n112,,CTCF,0.082465,0,0.001272,1,0.012778,0.012778,2,0.508439,0.516598,0,0.461262,8
n113,n113,,CTGF,0.082626,0,0.001356,2,0.012794,0.012795,3,0.508439,0.517981,0,0.923451,9
n114,n114,,CX3CR1,0.375511,0,0.003688,8,0.058714,0.058714,2,0.545249,0.582988,1.437108,1.51146,40
n115,n115,,CXCL1,0.639413,0,0.008356,1,0.099913,0.099913,2,0.617949,0.690871,259.089563,6.60224,92
n116,n116,,CXCR4,0.331521,0,0.003457,1,0.051719,0.051719,2,0.540359,0.574689,4.391912,1.910141,36
n117,n117,,CXCR5,0.305475,0,0.00354,7,0.047582,0.047582,2,0.540359,0.574689,8.880916,4.002669,36
n118,n118,,CXCR7,0.287723,0,0.002861,1,0.044902,0.044902,2,0.532009,0.560166,0.506394,1.131946,29
n119,n119,,GATA3,0.076966,0,0.001207,8,0.011866,0.011866,3,0.506303,0.513831,0,0.290297,7
n120,n120,,GDA,0.183643,0,0.002196,0,0.028576,0.028576,3,0.520518,0.540802,0.258767,1.216462,20
n121,n121,,GSTP1,0.188248,0,0.002277,2,0.029314,0.029315,3,0.521645,0.542877,0.369461,1.80627,21
n122,n122,,HDAC1,0.231069,0,0.002408,8,0.036024,0.036025,3,0.523913,0.547026,0.383357,1.078173,23
n123,n123,,HFE,0.240365,0,0.002408,2,0.037446,0.037446,3,0.523913,0.547026,0.165212,0.876474,23
n124,n124,,HLA-B,0.308996,0,0.002934,8,0.048207,0.048208,3,0.532009,0.561549,0.580427,0.919863,30
n125,n125,,HLA-DQA1,0.337625,0,0.003218,8,0.052751,0.052751,3,0.536748,0.569848,0.344236,1.924623,34
n126,n126,,HLA-G,0.539401,0,0.005556,8,0.084445,0.084446,2,0.576555,0.63278,15.287727,3.034317,64
n127,n127,,IFIH1,0.266936,0,0.002748,12,0.041575,0.041576,3,0.528509,0.555325,1.13309,1.235775,27
n128,n128,,IGF1R,0.226387,0,0.002338,8,0.035246,0.035247,3,0.522777,0.544952,0.165492,1.270407,22
n129,n129,,IL4,0.36586,0,0.003687,8,0.057138,0.057139,3,0.542793,0.580221,6.221438,1.739826,39
n130,n130,,IL6,0.186295,0,0.002047,8,0.028972,0.028972,3,0.51828,0.536653,0.317724,0.716098,18
n131,n131,,IL10,0.245848,0,0.002587,8,0.038322,0.038322,3,0.526201,0.551176,1.099519,0.856993,25
n132,n132,,IL21R,0.108107,0,0.001446,0,0.016711,0.016711,3,0.509514,0.520055,0,0.891678,10
n133,n133,,IL23A,0.055708,0,0.001137,1,0.00857,0.00857,2,0.506303,0.512448,0,0.75121,6
n134,n134,,JAG1,0.068042,0,0.001236,11,0.010484,0.010484,3,0.506303,0.513831,0,0.975069,7
n135,n135,,JAK2,0.180355,0,0.002033,1,0.028083,0.028083,3,0.51828,0.536653,0.022222,0.736969,18
n136,n136,,KY,0.475782,0,0.005067,0,0.074346,0.074346,3,0.565728,0.617566,15.841814,3.73965,57
n137,n137,,LIF,0.425873,0,0.004378,1,0.066566,0.066567,2,0.5553,0.599585,11.410847,1.996365,48
n138,n138,,MAG,0.589736,0,0.006704,0,0.092254,0.092254,2,0.595062,0.659751,50.861647,4.849077,77
n139,n139,,MAL,0.487745,0,0.005302,0,0.076225,0.076225,3,0.56974,0.62379,18.265878,6.886538,60
n140,n140,,MANBA,0.137261,0,0.001963,7,0.021274,0.021274,3,0.51606,0.532503,0,3.987889,16
n141,n141,,MIP,0.35909,0,0.003751,2,0.056063,0.056063,2,0.545249,0.582988,5.714676,1.636183,40
n142,n142,,MLC1,0.198566,0,0.00209,8,0.030969,0.030969,3,0.519397,0.538728,0,0.865378,19
n143,n143,,MSC,0.454484,0,0.004443,8,0.071109,0.07111,2,0.55787,0.603734,3.439635,1.681762,50
n144,n144,,NGF,0.349281,0,0.00338,8,0.054563,0.054563,3,0.53915,0.573997,0.776227,0.958826,36
n145,n145,,NKRF,0.04823,0,0.001172,10,0.00738,0.00738,3,0.504184,0.509682,0,1.036337,5
n146,n146,,NKX6-2,0.049762,0,0.001051,12,0.007641,0.007642,3,0.504184,0.509682,0,0.389586,5
n147,n147,,NPC1,0.078468,0,0.001331,9,0.012136,0.012136,3,0.507368,0.515906,0,1.284938,8
n148,n148,,OPA1,0.227472,0,0.002344,12,0.035408,0.035408,3,0.522777,0.544952,0.109444,0.992558,22
n149,n149,,PTPN2,0.25383,0,0.002938,6,0.039488,0.039488,3,0.528509,0.555325,9.136156,2.055973,27
n150,n150,,RGMA,0.205712,0,0.002486,0,0.031971,0.031971,3,0.523913,0.547026,1.948443,3.713288,23
n151,n151,,RPS6KB1,0.170808,0,0.002197,7,0.026506,0.026507,3,0.519397,0.538728,0.738385,3.128284,19
n152,n152,,SET,0.216327,0,0.002525,0,0.033637,0.033638,3,0.525054,0.549101,0.710386,3.890039,24
n153,n153,,SHE,0.315319,0,0.003463,0,0.049159,0.04916,3,0.53915,0.573997,4.012194,3.864994,36
n154,n154,,SOX8,0.137261,0,0.001963,7,0.021274,0.021274,3,0.51606,0.532503,0,3.987889,16
n155,n155,,BIN1,0.068866,0,0.001117,8,0.010629,0.010629,3,0.505241,0.511757,0,0.13489,6
n156,n156,,CBLB,0.164332,0,0.001882,11,0.025553,0.025553,3,0.51606,0.532503,0.096983,0.553257,16
n157,n157,,CYP2R1,0.153062,0,0.001718,8,0.023824,0.023825,3,0.513859,0.528354,0,0.347084,14
n158,n158,,ST8SIA1,0.120107,0,0.001494,8,0.018658,0.018658,3,0.510593,0.52213,0,0.285895,11
n159,n159,,ADAM10,0.136642,0,0.001572,8,0.021215,0.021215,3,0.511677,0.524205,0,0.286383,12
n160,n160,,ADAM12,0.048842,0,0.000967,8,0.007497,0.007497,3,0.503132,0.507607,0,0.047458,4
n161,n161,,ATXN2,0.104277,0,0.001422,0,0.016178,0.016178,3,0.509514,0.520055,0.03125,0.356866,10
n162,n162,,BACH2,0.06057,0,0.001048,8,0.009315,0.009315,3,0.504184,0.509682,0,0.100898,5
n163,n163,,BPI,0.036672,0,0.00089,8,0.005604,0.005604,3,0.502083,0.505533,0,0.054851,3
n164,n164,,CFD,0.037928,0,0.000892,8,0.005791,0.005791,3,0.502083,0.505533,0,0.045197,3
n165,n165,,CHCHD10,0.036335,0,0.001135,3,0.005532,0.005532,3,0.503132,0.507607,0,0.751947,4
n166,n166,,CYFIP2,0.048105,0,0.000965,8,0.007392,0.007392,3,0.503132,0.507607,0,0.117794,4
n167,n167,,DEGS1,0.100069,0,0.001345,8,0.01552,0.01552,3,0.508439,0.517981,0,0.51834,9
n168,n168,,DEXI,0.110939,0,0.001592,12,0.01719,0.01719,3,0.511677,0.524205,0.025,1.084449,12
n169,n169,,FAM126A,0.043988,0,0.000965,12,0.006758,0.006758,3,0.503132,0.507607,0,0.108241,4
n170,n170,,FAT1,0.15375,0,0.001725,11,0.023892,0.023893,3,0.513859,0.528354,0,0.36632,14
n171,n171,,FST,0.100164,0,0.001342,0,0.015527,0.015528,3,0.508439,0.517981,0,0.298994,9
n172,n172,,FTO,0.059354,0,0.001043,8,0.009139,0.009139,3,0.504184,0.509682,0,0.114813,5
n173,n173,,GPBAR1,0.046505,0,0.000967,8,0.007138,0.007138,3,0.503132,0.507607,0,0.085287,4
n174,n174,,HCAR2,0.06096,0,0.001046,8,0.009378,0.009378,3,0.504184,0.509682,0,0.100474,5
n175,n175,,HLA-DQB1,0.3755,0,0.003692,8,0.058688,0.058688,3,0.544018,0.582296,2.08294,2.049896,40
n176,n176,,HLA-DRB5,0.277136,0,0.002705,1,0.043245,0.043246,2,0.52967,0.556017,0,0.820836,27
n177,n177,,IFNAR1,0.224439,0,0.002247,8,0.034979,0.03498,3,0.521645,0.542877,0,0.649671,21
n178,n178,,IL22RA2,0.157942,0,0.001796,1,0.024587,0.024587,2,0.51606,0.53112,0,0.640497,15
n179,n179,,IL23R,0.231027,0,0.00249,1,0.035977,0.035977,2,0.525054,0.547718,2.941241,1.011338,23
n180,n180,,IMPACT,0.129928,0,0.001578,2,0.020169,0.02017,3,0.511677,0.524205,0,0.292426,12
n181,n181,,IRF5,0.239824,0,0.002409,1,0.037374,0.037374,2,0.525054,0.547718,0.043499,0.668166,23
n182,n182,,IRF6,0.02629,0,0.000814,0,0.003978,0.003978,3,0.50104,0.503458,0,0.003856,2
n183,n183,,ITGAM,0.120415,0,0.001506,8,0.018659,0.018659,3,0.510593,0.52213,0,0.484567,11
n184,n184,,LINGO1,0.050608,0,0.001154,2,0.007745,0.007745,3,0.505241,0.511757,0,0.873889,6
n185,n185,,LRP2,0.098998,0,0.001345,12,0.015349,0.015349,3,0.508439,0.517981,0,0.276012,9
n186,n186,,MAPT,0.059814,0,0.001046,8,0.009203,0.009203,3,0.504184,0.509682,0,0.123221,5
n187,n187,,MC1R,0.048301,0,0.000966,8,0.007414,0.007414,3,0.503132,0.507607,0,0.065864,4
n188,n188,,MERTK,0.122587,0,0.001502,8,0.019004,0.019004,3,0.510593,0.52213,0,0.373054,11
n189,n189,,MGAT5,0.171952,0,0.001971,12,0.026713,0.026714,3,0.517167,0.534578,0.144904,0.816959,17
n190,n190,,MGMT,0.079139,0,0.001195,8,0.012236,0.012236,3,0.506303,0.513831,0,0.244514,7
n191,n191,,MICB,0.088452,0,0.001284,12,0.013651,0.013651,3,0.507368,0.515906,0.025641,0.320036,8
n192,n192,,MLL,0.185235,0,0.002022,8,0.028863,0.028863,3,0.51828,0.536653,0.228591,0.844425,18
n193,n193,,MMP9,0.281786,0,0.002946,8,0.043988,0.043988,3,0.532009,0.561549,1.26315,1.265063,30
n194,n194,,MYO9B,0.098783,0,0.001515,1,0.015317,0.015317,2,0.511677,0.522822,0,1.209784,11
n195,n195,,NAAA,0.037576,0,0.00089,8,0.005742,0.005742,3,0.502083,0.505533,0,0.04813,3
n196,n196,,NHS,0.299538,0,0.003015,8,0.046757,0.046757,3,0.533186,0.563624,0.739654,1.233892,31
n197,n197,,NLRX1,0.061742,0,0.001049,8,0.009483,0.009483,3,0.504184,0.509682,0,0.079905,5
n198,n198,,NPC2,0.078468,0,0.001331,9,0.012136,0.012136,3,0.507368,0.515906,0,1.284938,8
n199,n199,,NQO1,0.191534,0,0.00236,2,0.029829,0.029829,3,0.522777,0.544952,0.952904,2.134376,22
n200,n200,,PARK7,0.038037,0,0.000893,0,0.005803,0.005803,3,0.502083,0.505533,0,0.019625,3
n201,n201,,PDCD1,0.15426,0,0.001733,2,0.023942,0.023942,3,0.513859,0.528354,0.027027,0.387603,14
n202,n202,,PIAS3,0.04823,0,0.001172,10,0.00738,0.00738,3,0.504184,0.509682,0,1.036337,5
n203,n203,,POU2AF1,0.117447,0,0.00165,11,0.018217,0.018218,3,0.511677,0.524205,0.758503,1.055759,12
n204,n204,,PRKCA,0.264271,0,0.002542,8,0.041236,0.041237,3,0.526201,0.551176,0.019231,1.083881,25
n205,n205,,RBPJ,0.024953,0,0.000794,8,0.003828,0.003828,3,0.496907,0.500692,0,0.022537,2
n206,n206,,RGS1,0.263234,0,0.00255,8,0.041055,0.041056,3,0.526201,0.551176,0,0.916287,25
n207,n207,,RUNX1,0.037475,0,0.000892,8,0.00572,0.00572,3,0.502083,0.505533,0,0.033157,3
n208,n208,,SCN10A,0.02629,0,0.000814,0,0.003978,0.003978,3,0.50104,0.503458,0,0.011453,2
n209,n209,,SEMA4D,0.143263,0,0.00164,8,0.022274,0.022275,3,0.512766,0.526279,0,0.428886,13
n210,n210,,SIRT1,0.417025,0,0.004156,1,0.065236,0.065236,3,0.551487,0.594744,4.354945,1.853601,46
n211,n211,,SLC2A3,0.070034,0,0.001124,8,0.010805,0.010806,3,0.505241,0.511757,0,0.131239,6
n212,n212,,SOD1,0.219092,0,0.002354,6,0.034123,0.034124,3,0.522777,0.544952,0.737978,0.767186,22
n213,n213,,SOX10,0.02629,0,0.000814,0,0.003978,0.003978,3,0.50104,0.503458,0,0.006239,2
n214,n214,,SP3,0.037226,0,0.00089,8,0.00569,0.00569,3,0.502083,0.505533,0,0.035869,3
n215,n215,,SP140,0.131627,0,0.001575,0,0.020444,0.020444,3,0.511677,0.524205,0,0.477156,12
n216,n216,,SRC,0.083234,0,0.00126,8,0.012922,0.012922,3,0.507368,0.515906,0,0.354049,8
n217,n217,,SRI,0.229247,0,0.002243,8,0.035733,0.035733,3,0.521645,0.542877,0,0.499041,21
n218,n218,,STAT1,0.412847,0,0.003991,8,0.064585,0.064585,2,0.550228,0.591286,2.245504,1.926948,44
n219,n219,,SYK,0.049634,0,0.000972,8,0.007604,0.007604,3,0.503132,0.507607,0,0.049419,4
n220,n220,,SYNE1,0.013126,0,0.000717,8,0.001988,0.001988,3,0.494867,0.497925,0,0.001473,1
n221,n221,,TAP1,0.116452,0,0.001529,5,0.018035,0.018035,3,0.510593,0.52213,0,1.010717,11
n222,n222,,TARDBP,0.066699,0,0.001208,12,0.010288,0.010288,3,0.506303,0.513831,0,0.714483,7
n223,n223,,TLR2,0.367131,0,0.003537,1,0.057361,0.057362,2,0.542793,0.578838,0.963908,1.377881,38
n224,n224,,TNFRSF1A,0.418579,0,0.004215,2,0.065413,0.065414,3,0.551487,0.594744,8.005622,2.652461,46
n225,n225,,TNFSF13B,0.138434,0,0.001652,8,0.021524,0.021524,2,0.513859,0.526971,0,0.473806,13
n226,n226,,TOX,0.181734,0,0.002208,0,0.028252,0.028253,3,0.520518,0.540802,0.187503,2.35634,20
n227,n227,,TRH,0.058593,0,0.001041,8,0.009032,0.009032,3,0.504184,0.509682,0,0.14601,5
n228,n228,,TRPV1,0.100419,0,0.001347,8,0.015563,0.015564,3,0.508439,0.517981,0,0.220627,9
n229,n229,,TSPO,0.310398,0,0.003276,12,0.048433,0.048434,3,0.535556,0.567773,6.605434,1.336977,33
n230,n230,,USP15,0.060023,0,0.001045,0,0.009234,0.009234,3,0.504184,0.509682,0,0.07718,5
n231,n231,,XG,0.389976,0,0.003698,8,0.060959,0.060959,2,0.545249,0.582988,1.586654,1.3278,40
n232,n232,,XK,0.329952,0,0.00333,8,0.051505,0.051505,2,0.53915,0.572614,2.044747,1.485739,35
n233,n233,,ZBTB46,0.137261,0,0.001963,7,0.021274,0.021274,3,0.51606,0.532503,0,3.987889,16
n234,n234,,ZC3HAV1,0.037997,0,0.000895,8,0.005791,0.005791,3,0.502083,0.505533,0,0.016584,3
n235,n235,,ZEB1,0.115338,0,0.001426,8,0.017865,0.017865,3,0.509514,0.520055,0,0.307127,10
n236,n236,,JAK1,0.043079,0,0.000949,8,0.006653,0.006654,3,0.502083,0.506916,0,0.179108,4
n237,n237,,CCL4,0.050633,0,0.001018,1,0.00787,0.00787,3,0.502083,0.508299,0,0.269919,5
n238,n238,,CYP27A1,0.014139,0,0.0009,4,0.002122,0.002122,3,0.498965,0.502075,0,0.578145,2
n239,n239,,TLR8,0.024871,0,0.000798,8,0.003804,0.003804,3,0.498965,0.502075,0,0.00835,2
n240,n240,,TRIM3,0.02261,0,0.000797,8,0.003473,0.003473,3,0.498965,0.502075,0,0.01365,2
n241,n241,,IL8,0.013936,0,0.000777,1,0.002188,0.002188,3,0.383148,0.401107,0,0.284328,2
